[
{
  "model": "shop.category",
  "pk": 1,
  "fields": {
    "name": "Men's Apparel",
    "description": "Lorem ipsum dolor sit amet, consectetur adipiscing elit. Fusce massa lectus, tempus ac neque id, luctus ultricies neque. Sed ligula turpis, dapibus sed velit sed, aliquet commodo neque. Proin sed diam congue, sodales ipsum sit amet, dictum lectus. In hac habitasse platea dictumst. Proin sed scelerisque ex. Aenean vel porttitor est. Praesent eu tristique ex. Donec tincidunt felis lacus, in sagittis leo lobortis id."
  }
},
{
  "model": "shop.category",
  "pk": 2,
  "fields": {
    "name": "Women's Apparel",
    "description": "Integer tincidunt augue vel nunc ultricies sodales. Nunc nec nibh condimentum, maximus nibh et, tempus mi. Fusce est justo, facilisis nec euismod vel, malesuada nec tortor. Vestibulum sit amet turpis at magna sagittis laoreet. Nam in faucibus odio. Mauris mollis venenatis sapien id aliquam. Maecenas volutpat ipsum nulla."
  }
},
{
  "model": "shop.category",
  "pk": 3,
  "fields": {
    "name": "Mobiles & Accessories",
    "description": "Aenean eu orci vel augue hendrerit congue eu eget dolor. In rhoncus fermentum enim at interdum. Donec elit erat, tincidunt non tempor sit amet, facilisis sed lorem. Donec efficitur, augue vitae efficitur sodales, magna turpis vehicula est, a tristique mauris nunc vitae sem. Nam faucibus odio eget dui dapibus sagittis. Ut vitae purus a urna pulvinar varius quis eu mi."
  }
},
{
  "model": "shop.category",
  "pk": 4,
  "fields": {
    "name": "Health & Personal Care",
    "description": "Curabitur massa eros, venenatis vitae urna at, aliquet consectetur risus. Nam tempor, lectus in molestie vulputate, felis lorem vulputate lectus, nec blandit leo nibh at tortor. Phasellus fermentum placerat ullamcorper. Cras dictum, lorem ultricies finibus ornare, dui est cursus ex, non vehicula lacus augue sit amet tortor. Nulla sodales mauris risus, id dignissim tellus luctus sit amet."
  }
},
{
  "model": "shop.category",
  "pk": 5,
  "fields": {
    "name": "Makeup & Fragrances",
    "description": "Vestibulum est neque, tempor eleifend lacinia ut, convallis ut elit. Maecenas porttitor erat ut luctus hendrerit. In id ligula in eros mollis commodo at nec odio. Nam placerat fringilla iaculis. Etiam tempor tristique porttitor. Praesent non odio ex. Nulla in nunc eu ante ornare luctus eget sit amet tortor."
  }
},
{
  "model": "shop.category",
  "pk": 6,
  "fields": {
    "name": "Gaming",
    "description": "Aenean auctor, lorem at gravida lacinia, mauris tellus consequat leo, sit amet semper odio urna vel velit. Morbi at efficitur nisi, eget aliquet orci. Aliquam id sodales odio. Donec et justo vel odio pellentesque posuere quis quis tellus. Cras magna tellus, pharetra nec blandit a, faucibus at mi. Aliquam malesuada ligula et efficitur volutpat. Fusce lobortis tortor ut nisl luctus, eget ornare nisl auctor. Vestibulum quis massa ac urna rhoncus fermentum at ornare ligula."
  }
},
{
  "model": "shop.product",
  "pk": 1,
  "fields": {
    "name": "Acer Predator Triton",
    "price": 129999.0,
    "currency": "PHP",
    "quantity": 20,
    "short_description": "Vestibulum ante ipsum primis in faucibus orci luctus et ultrices.",
    "long_description": "Sed pulvinar tincidunt convallis. Curabitur nec maximus nunc. Aenean finibus lorem vitae rutrum consequat. Suspendisse pellentesque venenatis felis, eget commodo nisi consectetur quis. Donec vitae urna et lacus finibus blandit.",
    "image": "https://images-na.ssl-images-amazon.com/images/I/71VmlANJMOL._SL1500_.jpg",
    "category": 6,
    "active": true
  }
},
{
  "model": "shop.product",
  "pk": 2,
  "fields": {
    "name": "HAVIT H2232D RGB Gaming Headset",
    "price": 1499.0,
    "currency": "PHP",
    "quantity": 10,
    "short_description": "Mauris blandit, dolor vitae euismod venenatis, sem sem lobortis dolor, a placerat neque lorem sit amet magna.",
    "long_description": "Nulla ultrices, velit auctor tincidunt porttitor, augue felis rhoncus arcu, et aliquam libero massa id elit. Aliquam a velit ac felis porta pretium non vel massa. Proin et faucibus justo. Curabitur vel volutpat lorem. Nulla vel pharetra odio.",
    "image": "https://cdn11.bigcommerce.com/s-zkwgqp2w24/images/stencil/1280x1280/products/551/2571/h2232d-rgb-gaming-headset__07862.1558418642.jpg?c=2?imbypass=on",
    "category": 6,
    "active": true
  }
},
{
  "model": "shop.product",
  "pk": 3,
  "fields": {
    "name": "ASUS ROG  Strix Z390-I",
    "price": 10799.0,
    "currency": "PHP",
    "quantity": 3,
    "short_description": "Proin nec dolor sed dolor accumsan ullamcorper vel sed felis. Ut pretium hendrerit tellus, sit amet mattis mauris euismod et.",
    "long_description": "Maecenas sit amet risus ante. Vivamus at tellus sem. Nulla facilisi. Donec egestas massa nisi, eu suscipit elit faucibus eu. Sed viverra diam a velit porta auctor. In quis aliquet tellus. Suspendisse ut maximus tellus. Phasellus rhoncus posuere ligula nec venenatis. Aenean leo quam, gravida a fermentum blandit, ultrices eget nunc.",
    "image": "https://static.bhphoto.com/images/images2500x2500/1541438475_1438194.jpg",
    "category": 6,
    "active": true
  }
},
{
  "model": "shop.product",
  "pk": 4,
  "fields": {
    "name": "Pictek Gaming Mouse",
    "price": 1399.0,
    "currency": "PHP",
    "quantity": 30,
    "short_description": "Nam ut finibus risus. Nullam a lorem eu metus sodales aliquet. Aliquam erat volutpat.",
    "long_description": "Donec ante libero, pharetra eget lobortis quis, lobortis sed sem. Nam quam turpis, aliquam sed suscipit ac, sollicitudin vitae ipsum. Phasellus tempor placerat justo eget porta.",
    "image": "https://player1customs.com/wp-content/uploads/2018/03/Pictek-Gaming-Mouse-Wired.jpg",
    "category": 6,
    "active": true
  }
},
{
  "model": "shop.product",
  "pk": 5,
  "fields": {
    "name": "Nutricost Multivitamins",
    "price": 1999.0,
    "currency": "PHP",
    "quantity": 16,
    "short_description": "Donec maximus magna sit amet facilisis molestie. Vestibulum eu metus condimentum, finibus nulla at, commodo magna.",
    "long_description": "Donec scelerisque mi nec arcu pulvinar, id consectetur ipsum aliquam. Donec viverra ultricies nisi ac ullamcorper. Duis consectetur purus in tortor aliquet commodo. Nullam mi turpis, volutpat at aliquam at, faucibus sit amet libero. Integer interdum nisl tempus erat tempor, sit amet mattis est volutpat.",
    "image": "https://tshop.r10s.com/2f4/c11/f1d8/9858/f009/53b7/c333/110ee88890a81e84d032c4.jpg",
    "category": 4,
    "active": true
  }
},
{
  "model": "shop.product",
  "pk": 6,
  "fields": {
    "name": "NutriCology Glutathione",
    "price": 1799.0,
    "currency": "PHP",
    "quantity": 7,
    "short_description": "Vivamus condimentum ante sed tortor sagittis, id efficitur nibh ultrices.",
    "long_description": "Vestibulum ante ipsum primis in faucibus orci luctus et ultrices posuere cubilia Curae; Vestibulum et lorem ut odio imperdiet pulvinar eget sit amet leo. Duis porta odio dui, nec volutpat dui fermentum in.",
    "image": "https://www.nutricology.com/images/products/50140.jpg",
    "category": 4,
    "active": true
  }
},
{
  "model": "shop.product",
  "pk": 7,
  "fields": {
    "name": "Rexona Deodorant Stick - Ice Cool",
    "price": 164.5,
    "currency": "PHP",
    "quantity": 63,
    "short_description": "Donec fringilla at libero vel venenatis. In tristique imperdiet purus, a pellentesque augue vehicula vitae.",
    "long_description": "Vivamus aliquet magna sit amet urna porta faucibus. Nulla facilisi. Curabitur tincidunt lacus ac tortor venenatis eleifend. Pellentesque mauris arcu, auctor non arcu ac, molestie gravida nisl.",
    "image": "https://shop.smmarkets.ph/media/catalog/product/cache/c687aa7517cf01e65c009f6943c2b1e9/h/t/httpsshop.smmarkets.phmediawysiwyg20190719_unilever20349005-rexona-men-deodorant-stick-ice-cool-40g-2.jpg.jpg",
    "category": 4,
    "active": true
  }
},
{
  "model": "shop.product",
  "pk": 8,
  "fields": {
    "name": "Natural Face Serum",
    "price": 899.0,
    "currency": "PHP",
    "quantity": 8,
    "short_description": "Curabitur maximus diam sed odio tempor, porttitor laoreet massa congue.",
    "long_description": "Aenean mattis convallis nibh, vitae efficitur lorem convallis in. Fusce quis turpis vel sapien rhoncus tempus. Aenean non sodales dolor, sagittis interdum mi. Nulla facilisi. Nulla tristique consequat orci non maximus.",
    "image": "https://www.korinanaturals.com/wp-content/uploads/2016/12/Normal-to-Dry.jpg",
    "category": 4,
    "active": true
  }
},
{
  "model": "shop.product",
  "pk": 9,
  "fields": {
    "name": "Benetint Cheek & Lip Stain",
    "price": 1190.0,
    "currency": "PHP",
    "quantity": 4,
    "short_description": "Praesent at nisl accumsan, blandit eros vitae, auctor urna. Vivamus a tellus efficitur, dictum nibh eu, aliquam odio.",
    "long_description": "Nunc aliquet nisi egestas, tristique odio at, egestas purus. Fusce vel fermentum nulla. Phasellus et quam aliquam lorem viverra sodales. Cras at pretium urna.",
    "image": "https://static-reg.lximg.com/images/product_images/zoom_16422_Benefit_WEB_0db48d1dbdcbd48a2624b0b02c24e618c672c65f_1523777975.png",
    "category": 5,
    "active": true
  }
},
{
  "model": "shop.product",
  "pk": 10,
  "fields": {
    "name": "Atlantis Body Spray",
    "price": 94.5,
    "currency": "PHP",
    "quantity": 16,
    "short_description": "Nulla libero urna, pharetra posuere elementum a, pellentesque et turpis.",
    "long_description": "Nullam imperdiet ornare vestibulum. Pellentesque vulputate dui ut ex congue cursus. Praesent dictum a ante ac varius. Nunc imperdiet metus ac lorem varius porta. Mauris scelerisque dui justo, nec gravida massa malesuada vehicula.",
    "image": "https://shop.bench.com.ph/pub/media/catalog/product/cache/image/e9c3970ab036de70892d86c6d221abfe/T/C/TCB6100F_2.jpg",
    "category": 5,
    "active": true
  }
},
{
  "model": "shop.product",
  "pk": 11,
  "fields": {
    "name": "Juicy Couture",
    "price": 349.5,
    "currency": "PHP",
    "quantity": 9,
    "short_description": "Maecenas facilisis, metus nec feugiat cursus, ante orci fringilla urna, vel dignissim dolor ante scelerisque enim.",
    "long_description": "Phasellus suscipit consequat finibus. Donec dignissim mi eget ipsum sollicitudin dictum. Morbi a sollicitudin lacus, non consequat libero. Nam lacinia dui dui, sit amet molestie lacus placerat eu.",
    "image": "https://images-na.ssl-images-amazon.com/images/I/71YCSmejbrL._SL1500_.jpg",
    "category": 5,
    "active": true
  }
},
{
  "model": "shop.product",
  "pk": 12,
  "fields": {
    "name": "La Femme Blush on Rouge",
    "price": 499.5,
    "currency": "PHP",
    "quantity": 12,
    "short_description": "Donec blandit urna quam. Proin auctor, odio nec vulputate dictum, magna dui ullamcorper lacus, nec ultrices ante dui nec nisi.",
    "long_description": "Fusce mollis, justo sed ornare bibendum, leo velit pretium mauris, sit amet volutpat neque odio non nulla. Aliquam pulvinar ipsum velit, eu facilisis enim porta id. Orci varius natoque penatibus et magnis dis parturient montes, nascetur ridiculus mus. Aliquam luctus ipsum at dui convallis ultricies.",
    "image": "https://cdn.shopify.com/s/files/1/2422/6091/products/la-femme-blush-on-rouge-coral-spice_1_1024x1024@2x.jpg?v=1513642443",
    "category": 5,
    "active": true
  }
},
{
  "model": "shop.product",
  "pk": 13,
  "fields": {
    "name": "Gray ABW Jacket",
    "price": 1599.0,
    "currency": "PHP",
    "quantity": 3,
    "short_description": "Pellentesque posuere libero nec tellus elementum, porta tristique sem placerat.",
    "long_description": "Nunc luctus facilisis ipsum. Suspendisse potenti. Pellentesque aliquam molestie ipsum, at elementum ante. Proin vel sollicitudin leo. Nunc tincidunt libero vel nulla tincidunt viverra.",
    "image": "https://content.backcountry.com/images/items/900/ABW/ABW0013/ATHGRE.jpg",
    "category": 1,
    "active": true
  }
},
{
  "model": "shop.product",
  "pk": 14,
  "fields": {
    "name": "Orange Joc's Short-sleeved Shirt",
    "price": 599.0,
    "currency": "PHP",
    "quantity": 3,
    "short_description": "Donec eu suscipit odio. Mauris quis bibendum nulla, eu mollis tellus. Mauris consectetur venenatis dictum.",
    "long_description": "Fusce viverra massa quis elit tincidunt tempus. Pellentesque ut quam non sem viverra fermentum sed sit amet velit. Curabitur nec sodales quam. Nulla tristique velit sodales, maximus nisi a, porttitor ante.",
    "image": "https://cdn2.bigcommerce.com/n-biq04i/lk0gwzb/products/1645/images/1987/ORANGE__95465.1411339606.1280.1280.jpg?c=2",
    "category": 1,
    "active": true
  }
},
{
  "model": "shop.product",
  "pk": 15,
  "fields": {
    "name": "Men's Striped Boardroom Jacket",
    "price": 2399.0,
    "currency": "PHP",
    "quantity": 1,
    "short_description": "Donec eleifend pharetra mollis. Aliquam et vulputate dui. Phasellus ac leo ac libero efficitur bibendum.",
    "long_description": "Aliquam sit amet nisi pharetra, eleifend enim id, aliquam eros. Etiam fringilla diam at ipsum semper, vitae vehicula nunc posuere. Aliquam ac enim orci. Aliquam erat volutpat. In ut ullamcorper mi.",
    "image": "https://www.boardroomclothing.com/wp-content/uploads/2019/01/DSC_0267-Mens.jpg",
    "category": 1,
    "active": true
  }
},
{
  "model": "shop.product",
  "pk": 16,
  "fields": {
    "name": "Gray Honeybee Polo Shirt",
    "price": 699.0,
    "currency": "PHP",
    "quantity": 2,
    "short_description": "Aliquam gravida eu nibh eu fermentum. Nunc nec purus ut magna ullamcorper facilisis non sit amet eros.",
    "long_description": "Aliquam erat volutpat. Nulla non mi sit amet nibh bibendum efficitur vel vel ligula. Cras in neque ut lorem tincidunt fringilla. Phasellus suscipit diam non vestibulum mollis. Suspendisse aliquam eleifend arcu non dapibus.",
    "image": "https://www.dhresource.com/0x0s/f2-albu-g10-M00-AB-63-rBVaVlyt5gyAFdKVAADfJve7RBY740.jpg/mens-shirt-loose-breathable-striped-letter.jpg",
    "category": 1,
    "active": true
  }
},
{
  "model": "shop.product",
  "pk": 17,
  "fields": {
    "name": "Huawei Nova 2i",
    "price": 10499.5,
    "currency": "PHP",
    "quantity": 5,
    "short_description": "Nulla lacinia efficitur dolor non ultrices. Mauris pretium venenatis imperdiet.",
    "long_description": "Proin metus lorem, tincidunt et elementum mollis, efficitur at odio. Morbi ultricies aliquet nisl, ut venenatis velit porttitor vel. Duis fringilla vestibulum erat eu luctus. Integer bibendum tortor eu enim luctus cursus.",
    "image": "https://cdn-media.kimovil.com/default/0001/100/thumb_99634_default_big.jpeg",
    "category": 3,
    "active": true
  }
},
{
  "model": "shop.product",
  "pk": 18,
  "fields": {
    "name": "iPhone X",
    "price": 62750.0,
    "currency": "PHP",
    "quantity": 1,
    "short_description": "Ut ultricies interdum consequat. Duis id elit vitae ex maximus sollicitudin id eu magna.",
    "long_description": "Vestibulum magna leo, cursus eget rhoncus sed, efficitur et quam. Proin mi arcu, tempus ac felis ut, fringilla pellentesque tortor. Ut id dolor et nulla accumsan cursus. Morbi vel ante sit amet sapien ornare sagittis.",
    "image": "https://images-na.ssl-images-amazon.com/images/I/71AGpzbW7WL._SL1347_.jpg",
    "category": 3,
    "active": true
  }
},
{
  "model": "shop.product",
  "pk": 19,
  "fields": {
    "name": "Huawei Nova 2i Case",
    "price": 120.0,
    "currency": "PHP",
    "quantity": 52,
    "short_description": "Proin interdum, libero non convallis pellentesque, tellus risus commodo odio, blandit semper velit eros in mi.",
    "long_description": "Fusce ultrices suscipit turpis, sit amet commodo turpis vestibulum in. Orci varius natoque penatibus et magnis dis parturient montes, nascetur ridiculus mus. Integer mollis ex vel condimentum dapibus. Maecenas euismod eros vel nisi ornare lobortis.",
    "image": "https://my-test-11.slatic.net/p/f6444a6b1145b0dd6252137219a1f4de.jpg",
    "category": 3,
    "active": true
  }
},
{
  "model": "shop.product",
  "pk": 20,
  "fields": {
    "name": "BT21 Koya Pop Socket",
    "price": 399.5,
    "currency": "PHP",
    "quantity": 12,
    "short_description": "Nullam varius lorem mauris, et congue augue vulputate ut. Nam consectetur sem ligula, sit amet posuere orci sollicitudin vel.",
    "long_description": "Maecenas a tellus at purus scelerisque luctus et in velit. Integer imperdiet elit et erat scelerisque venenatis. Mauris tellus sem, varius varius ultrices vitae, volutpat quis nisl. Nunc porttitor arcu nec massa cursus cursus. Vestibulum a aliquet felis.",
    "image": "https://images-na.ssl-images-amazon.com/images/I/61njm758ExL._SL1001_.jpg",
    "category": 3,
    "active": true
  }
},
{
  "model": "shop.product",
  "pk": 21,
  "fields": {
    "name": "Gray JONSSON Polo",
    "price": 1399.5,
    "currency": "PHP",
    "quantity": 13,
    "short_description": "Praesent quis maximus lorem, lacinia cursus dui. Ut fringilla odio quis eros sollicitudin congue.",
    "long_description": "Vivamus auctor pretium tristique. In ullamcorper arcu suscipit commodo dictum. Cras in purus placerat, luctus est vitae, auctor risus. Praesent rutrum viverra posuere. Vestibulum convallis ornare nisl eget tempor.",
    "image": "https://www.workweardepot.co.za/images/thumbs/0002749_womens-short-sleeve-work-shirts.jpeg",
    "category": 2,
    "active": true
  }
},
{
  "model": "shop.product",
  "pk": 22,
  "fields": {
    "name": "LLBean Shirt - Turquoise",
    "price": 789.5,
    "currency": "PHP",
    "quantity": 12,
    "short_description": "Nulla vel nibh id velit gravida blandit. Aliquam a magna efficitur metus aliquet efficitur.",
    "long_description": "Pellentesque malesuada purus in libero lobortis luctus. Proin quis elit aliquet, hendrerit ante ac, dictum tellus. Nam vestibulum, magna non egestas fermentum, elit libero fermentum urna, bibendum volutpat nisi metus aliquam leo. Mauris vel nibh nisi.",
    "image": "https://cdni.llbean.net/is/image/wim/280366_35374_41?hei=1095&wid=950&resMode=sharp2&defaultImage=llbstage/A0211793_2",
    "category": 2,
    "active": true
  }
},
{
  "model": "shop.product",
  "pk": 23,
  "fields": {
    "name": "Slim Gray Jack's Hoodie",
    "price": 1799.0,
    "currency": "PHP",
    "quantity": 4,
    "short_description": "Sed eget tortor dictum, lacinia neque eu, convallis nisi. Cras at tortor augue.",
    "long_description": "Aenean mi mi, pretium vitae mauris eget, egestas cursus diam. Proin nunc elit, fermentum sit amet libero nec, condimentum egestas lacus.",
    "image": "https://shopbadmintononline.com/images_zoom/womens-badminton-warm-up-jacket-AWDN916-2-B.jpg",
    "category": 2,
    "active": true
  }
},
{
  "model": "shop.product",
  "pk": 24,
  "fields": {
    "name": "HALTI Jacket - Dark Blue",
    "price": 2550.0,
    "currency": "PHP",
    "quantity": 1,
    "short_description": "Phasellus at volutpat elit, hendrerit hendrerit dui. Vivamus et tellus a nunc ultrices suscipit.",
    "long_description": "Proin eleifend eros ipsum, eu ultricies orci interdum in. Nulla vel venenatis eros, quis dictum sapien. Fusce eget nisl suscipit, sodales nisl sed, volutpat diam.",
    "image": "https://cdn.shopify.com/s/files/1/0071/6197/0786/products/0592372_L38_Halti-sierraWomensjacket_main_79d0285f-ffeb-44e8-a89a-9ae8b1ebe616_2000x.jpg?v=1553073417",
    "category": 2,
    "active": true
  }
},
{
  "model": "shop.review",
  "pk": 1,
  "fields": {
    "title": "Very, Very Good!",
    "comment": "Lorem ipsum dolor sit amet, consectetur adipiscing elit. Cras ligula ante, luctus nec ante ut, blandit convallis augue. Cras quis faucibus velit. Nunc tincidunt ligula eget orci tincidunt euismod. Donec scelerisque vitae mi in commodo. Integer ut lorem convallis, ullamcorper purus nec, viverra elit. Sed vehicula purus ultrices libero eleifend pharetra. Nunc gravida, orci quis imperdiet fermentum, enim sapien finibus lectus, a bibendum lorem sem ac velit. Morbi feugiat, ligula quis mollis auctor, felis nisi consectetur erat, eget maximus turpis mi at mauris. Sed finibus id felis quis eleifend. Aliquam in lobortis mauris, id placerat nisi. Vivamus fermentum at magna a vehicula.",
    "rating": 5,
    "vote_count": 4,
    "product": 1,
    "date_created": "2019-08-31T08:03:51.475Z"
  }
},
{
  "model": "shop.review",
  "pk": 2,
  "fields": {
    "title": "Fair Enough",
    "comment": "Vestibulum gravida velit nec mauris sagittis, in suscipit neque rutrum. Vivamus eget velit sit amet libero vulputate tempor. Phasellus et blandit mauris. Integer eu condimentum sapien, at bibendum ipsum. Pellentesque habitant morbi tristique senectus et netus et malesuada fames ac turpis egestas. Maecenas ultricies tempus magna.",
    "rating": 5,
    "vote_count": 2,
    "product": 1,
    "date_created": "2019-08-31T09:44:10.027Z"
  }
},
{
  "model": "shop.review",
  "pk": 3,
  "fields": {
    "title": "The Cover Had A Crack",
    "comment": "Aenean eleifend dictum orci. Maecenas ornare eleifend varius. Nam egestas enim ac mauris euismod, eget viverra mi aliquam. Curabitur convallis est non purus hendrerit egestas. Integer ac mauris et ligula sollicitudin semper non aliquam arcu. Aenean eros orci, pulvinar sed libero venenatis, egestas vehicula mi. In venenatis ultricies metus, vel tincidunt tellus porttitor sit amet. Cras aliquam venenatis nunc, nec malesuada ex vehicula a. Cras arcu ante, ultrices ac imperdiet consequat, gravida vel ante.",
    "rating": 1,
    "vote_count": 0,
    "product": 1,
    "date_created": "2019-08-31T09:48:01.718Z"
  }
},
{
  "model": "shop.review",
  "pk": 4,
  "fields": {
    "title": "Had A Bad Tear",
    "comment": "Integer viverra lorem in elit accumsan, nec gravida libero dignissim. Aliquam pulvinar dignissim leo. Curabitur aliquet vestibulum dui ac laoreet. In sed eros non sem placerat volutpat ut vel odio.\r\n\r\nSuspendisse in dolor consequat, suscipit orci a, mollis nibh. Mauris vitae turpis porttitor, porttitor mauris non, pellentesque urna. Quisque ut ex imperdiet libero sagittis facilisis et non augue. Mauris varius maximus pulvinar.",
    "rating": 1,
    "vote_count": 0,
    "product": 13,
    "date_created": "2019-08-31T10:14:52.850Z"
  }
},
{
  "model": "shop.review",
  "pk": 5,
  "fields": {
    "title": "Muffs Were Dirty",
    "comment": "Ut accumsan lacus et tortor aliquam rutrum. Aliquam ullamcorper tortor in odio hendrerit, at tincidunt enim auctor. Suspendisse potenti. Phasellus interdum hendrerit purus. Praesent dapibus diam sed sagittis mattis. Maecenas diam tellus, ullamcorper in nisl ac, ullamcorper malesuada leo. Sed id finibus enim. Donec vel volutpat purus, in egestas massa. Suspendisse suscipit lacinia eros dictum sollicitudin. Aenean molestie ornare fermentum.",
    "rating": 2,
    "vote_count": 0,
    "product": 2,
    "date_created": "2019-08-31T10:21:43.439Z"
  }
},
{
  "model": "shop.review",
  "pk": 6,
  "fields": {
    "title": "Good, Good, Good!",
    "comment": "Class aptent taciti sociosqu ad litora torquent per conubia nostra, per inceptos himenaeos. Donec tempus fermentum justo ut mollis. In nulla purus, tincidunt at iaculis mattis, pretium et urna. Nullam venenatis sit amet sem ac bibendum. Proin quis luctus nunc, sed bibendum quam. Quisque tortor elit, tempus et neque et, molestie aliquam neque. Vestibulum vel ullamcorper diam. Phasellus pharetra, dolor nec molestie commodo, augue massa maximus mi, sit amet consectetur neque mauris sit amet felis.",
    "rating": 5,
    "vote_count": 0,
    "product": 3,
    "date_created": "2019-08-31T10:24:53.977Z"
  }
},
{
  "model": "shop.review",
  "pk": 7,
  "fields": {
    "title": "Did Not Disappoint!",
    "comment": "Suspendisse malesuada, lorem nec sollicitudin venenatis, ante felis interdum nisl, id tempus erat nunc et ex. Aliquam luctus lobortis eros sed scelerisque. Nulla iaculis tincidunt velit. Pellentesque habitant morbi tristique senectus et netus et malesuada fames ac turpis egestas. Sed at commodo libero, id consequat nisl. In quis tristique dolor. Praesent ac enim eu metus malesuada ultrices vel at elit. Maecenas sed porta turpis. Donec hendrerit non diam quis gravida. Aliquam maximus tristique mauris, sed tempor nibh ultrices sed. Vivamus a molestie orci. Fusce vulputate orci massa, ac sollicitudin eros interdum nec.",
    "rating": 5,
    "vote_count": 1,
    "product": 3,
    "date_created": "2019-08-31T10:25:30.607Z"
  }
},
{
  "model": "shop.review",
  "pk": 8,
  "fields": {
    "title": "If I Were You, Don't Buy It",
    "comment": "Vivamus quis velit fringilla, suscipit eros id, blandit enim. Vestibulum ante ipsum primis in faucibus orci luctus et ultrices posuere cubilia Curae; In hac habitasse platea dictumst. Praesent a quam quis diam varius ultrices at ac eros. Sed euismod eu ex sit amet commodo. Nulla ut sodales tellus. In rutrum tincidunt tortor eu finibus.",
    "rating": 2,
    "vote_count": 0,
    "product": 13,
    "date_created": "2019-08-31T10:26:27.798Z"
  }
},
{
  "model": "shop.review",
  "pk": 9,
  "fields": {
    "title": "Nice",
    "comment": "Duis magna tortor, euismod eu felis eget, laoreet iaculis odio. In porta pretium fringilla. Nulla porttitor arcu a tempor vehicula.",
    "rating": 5,
    "vote_count": 0,
    "product": 14,
    "date_created": "2019-08-31T10:27:16.762Z"
  }
},
{
  "model": "shop.review",
  "pk": 10,
  "fields": {
    "title": "Not Very Comfy",
    "comment": "Integer aliquet, libero et scelerisque tempus, libero ligula porta diam, at bibendum sem sem at est. Etiam fermentum sagittis metus. Suspendisse eget velit tristique, fermentum turpis a, viverra orci. Etiam commodo libero tristique, euismod dolor eget, tincidunt nulla. Duis non venenatis urna. Proin a leo vehicula tortor aliquet pulvinar. Morbi vehicula nec odio id consequat. Proin libero felis, ultricies ac porta sed, consequat pretium justo.",
    "rating": 3,
    "vote_count": 0,
    "product": 15,
    "date_created": "2019-08-31T10:27:41.723Z"
  }
},
{
  "model": "shop.review",
  "pk": 11,
  "fields": {
    "title": "Would Buy Again, But Please Improve The Quality",
    "comment": "Nulla dapibus tristique egestas. In ut suscipit augue. Cras pellentesque ex et ex iaculis, eu gravida quam porta. Suspendisse non semper nisi. In commodo porta tempor.",
    "rating": 4,
    "vote_count": 0,
    "product": 16,
    "date_created": "2019-08-31T10:28:33.989Z"
  }
},
{
  "model": "shop.review",
  "pk": 12,
  "fields": {
    "title": "Is This Really JONSSON?!",
    "comment": "Sed sit amet pulvinar quam. Nullam faucibus arcu a mauris condimentum ultricies. Maecenas aliquam urna ac ex tristique porta. In at leo molestie, venenatis sapien eu, pharetra mauris. Integer tortor nisi, ultricies non ex vel, maximus semper metus. Duis congue elit nibh, non consequat leo viverra at. Proin eu nisl a ligula porttitor viverra eu et metus. Interdum et malesuada fames ac ante ipsum primis in faucibus.",
    "rating": 1,
    "vote_count": 0,
    "product": 21,
    "date_created": "2019-08-31T10:29:09.078Z"
  }
},
{
  "model": "shop.review",
  "pk": 13,
  "fields": {
    "title": "Doesn't Seem Like JONSSON To Me",
    "comment": "Praesent vitae porttitor ante. Quisque vitae nibh neque. Maecenas auctor leo sed tortor pretium pharetra. Nullam aliquet tempus orci quis scelerisque. Fusce et tempor odio. Fusce nec egestas odio. Phasellus eget dictum magna, sollicitudin porttitor ex.",
    "rating": 2,
    "vote_count": 0,
    "product": 21,
    "date_created": "2019-08-31T10:29:22.764Z"
  }
},
{
  "model": "shop.review",
  "pk": 14,
  "fields": {
    "title": "One Of THE Worst Buys",
    "comment": "Pellentesque arcu nisl, sollicitudin non euismod sit amet, semper nec ligula. Ut hendrerit dictum nulla, eu aliquam sem viverra eu. Pellentesque justo purus, pulvinar eu maximus ut, placerat sit amet mauris. Nullam dapibus molestie augue vitae tempor. Fusce fermentum molestie euismod. Aenean facilisis at nisl a placerat.",
    "rating": 1,
    "vote_count": 0,
    "product": 22,
    "date_created": "2019-08-31T10:30:17.388Z"
  }
},
{
  "model": "shop.review",
  "pk": 15,
  "fields": {
    "title": "It's Not So Bad, Really",
    "comment": "Etiam nec sollicitudin ante, et euismod elit. Nunc rhoncus augue magna. Praesent volutpat neque urna, ac tempus elit condimentum ac. Quisque vehicula neque nisl, at posuere ex lacinia at. Etiam aliquam gravida nisl, quis lacinia lorem finibus eu. Integer eget justo facilisis, finibus nulla non, pretium arcu. Morbi euismod feugiat odio, sit amet ullamcorper velit ultricies a. Quisque ac eros vel nunc fringilla pellentesque nec vitae nisi. Sed euismod pulvinar ipsum, quis rutrum elit rhoncus interdum.",
    "rating": 4,
    "vote_count": 0,
    "product": 22,
    "date_created": "2019-08-31T10:30:38.947Z"
  }
},
{
  "model": "shop.review",
  "pk": 16,
  "fields": {
    "title": "Great Quality",
    "comment": "Phasellus volutpat accumsan faucibus. Mauris rhoncus lobortis mauris nec vulputate. Nulla viverra ut odio in malesuada. Mauris posuere lacus justo, id convallis nibh dignissim sed. Pellentesque habitant morbi tristique senectus et netus et malesuada fames ac turpis egestas. Duis varius tempor mattis.",
    "rating": 5,
    "vote_count": 0,
    "product": 22,
    "date_created": "2019-08-31T10:30:50.867Z"
  }
},
{
  "model": "shop.review",
  "pk": 17,
  "fields": {
    "title": "Sick",
    "comment": "Donec bibendum suscipit rutrum. Pellentesque aliquam dignissim venenatis. Sed magna libero, tincidunt id tellus non, commodo accumsan magna. Etiam id libero eu velit condimentum viverra. Morbi id eleifend magna. Sed felis lacus, feugiat non ullamcorper at, dapibus sed neque. Nunc non posuere odio, eu consectetur lacus. Donec eu dui mauris.",
    "rating": 5,
    "vote_count": 0,
    "product": 23,
    "date_created": "2019-08-31T10:31:03.967Z"
  }
},
{
  "model": "shop.review",
  "pk": 18,
  "fields": {
    "title": "Just Right, Couldn't Get Any Better",
    "comment": "Nam orci arcu, dignissim in risus ultrices, viverra malesuada lectus. Lorem ipsum dolor sit amet, consectetur adipiscing elit. Nunc mollis felis nec nunc dignissim auctor. Proin eu ultricies ex, sed malesuada massa. Maecenas a faucibus augue. Duis viverra sem in felis mattis euismod. Etiam vitae facilisis nisi. Maecenas metus ex, dapibus eget venenatis nec, commodo at justo. Vivamus interdum, turpis sit amet luctus tincidunt, nisl eros accumsan augue, at porta nulla libero nec massa.",
    "rating": 5,
    "vote_count": 0,
    "product": 23,
    "date_created": "2019-08-31T10:31:23.297Z"
  }
},
{
  "model": "shop.review",
  "pk": 19,
  "fields": {
    "title": "Wrong Size?!",
    "comment": "Cras et varius justo. Nam eget molestie eros. Nulla lacinia ligula vitae vulputate ullamcorper. Nunc purus diam, semper at velit iaculis, pretium cursus nunc. Quisque sed urna non dui viverra finibus. Quisque porta tortor at nulla elementum blandit.",
    "rating": 2,
    "vote_count": 0,
    "product": 24,
    "date_created": "2019-08-31T10:31:42.659Z"
  }
},
{
  "model": "shop.review",
  "pk": 20,
  "fields": {
    "title": "Wrong Color Bro",
    "comment": "Donec dui odio, bibendum et leo sed, dapibus dictum lacus. Nulla sodales blandit sapien, vitae finibus sem viverra non. Nullam vel justo non ante viverra sollicitudin. Sed tincidunt lacinia posuere. Praesent semper aliquam tincidunt. In sed neque bibendum, fringilla libero quis, auctor purus. Suspendisse efficitur rhoncus enim non porta. Nulla facilisi. Quisque mattis sagittis sodales. Donec vel maximus quam, non sodales sem. Donec ut lacus ut orci fringilla dapibus et eget lorem.",
    "rating": 4,
    "vote_count": 0,
    "product": 17,
    "date_created": "2019-08-31T10:32:31.457Z"
  }
},
{
  "model": "shop.review",
  "pk": 21,
  "fields": {
    "title": "Thanks For The Item",
    "comment": "Duis in velit finibus nibh condimentum lobortis. Suspendisse potenti. Praesent pretium feugiat rhoncus. Cras condimentum, libero tristique vestibulum pulvinar, quam sapien imperdiet erat, eu ornare enim mi ut turpis. Proin placerat, sem non congue fermentum, arcu nibh faucibus dui, at maximus urna massa aliquam justo.",
    "rating": 5,
    "vote_count": 0,
    "product": 17,
    "date_created": "2019-08-31T10:32:47.090Z"
  }
},
{
  "model": "shop.review",
  "pk": 22,
  "fields": {
    "title": "Cheap Compared To Others!",
    "comment": "Mauris rhoncus nulla id erat semper vulputate. Nulla ullamcorper efficitur est in feugiat. Morbi vestibulum gravida lectus, vitae tincidunt eros finibus at. Donec eget bibendum ex, bibendum feugiat nulla. Vestibulum ante ipsum primis in faucibus orci luctus et ultrices posuere cubilia Curae; Integer quam felis, fermentum ut nibh vitae, suscipit viverra est. Mauris feugiat lobortis convallis. Praesent gravida dictum tempus.",
    "rating": 5,
    "vote_count": 0,
    "product": 18,
    "date_created": "2019-08-31T10:33:16.647Z"
  }
},
{
  "model": "shop.review",
  "pk": 23,
  "fields": {
    "title": "Best Buy So Far",
    "comment": "Praesent neque ante, eleifend at ex ac, lacinia sagittis libero. Praesent risus augue, vehicula in iaculis eget, varius nec nisi. Curabitur iaculis ultrices mauris, quis cursus urna sollicitudin quis. Aenean rutrum magna eget mollis commodo. Fusce ornare id leo id porttitor. Ut vel aliquet orci. Proin semper lectus nibh, ut sagittis orci luctus et. Nunc lobortis risus at augue ullamcorper aliquet. Praesent ornare bibendum risus ut fermentum. Suspendisse in massa nec libero tincidunt tempus.",
    "rating": 5,
    "vote_count": 0,
    "product": 18,
    "date_created": "2019-08-31T10:33:25.891Z"
  }
},
{
  "model": "shop.review",
  "pk": 24,
  "fields": {
    "title": "Small Scratch, Oof",
    "comment": "Donec tortor orci, vulputate id malesuada non, convallis id nisi. Vestibulum sit amet tincidunt ligula. Proin sed orci ac arcu fringilla auctor quis et ante. Suspendisse auctor id eros vel tempor. Pellentesque hendrerit nec sapien quis hendrerit. Etiam vestibulum nulla cursus enim varius luctus. Curabitur bibendum ligula neque, quis elementum enim pulvinar a.",
    "rating": 4,
    "vote_count": 0,
    "product": 18,
    "date_created": "2019-08-31T10:33:41.318Z"
  }
},
{
  "model": "shop.review",
  "pk": 25,
  "fields": {
    "title": "Good Fit",
    "comment": "Nullam lacinia est at tortor semper, blandit faucibus arcu interdum. Sed lobortis massa eget nulla suscipit, non maximus mi ultrices. Nulla scelerisque rhoncus lorem sed viverra. Aliquam semper felis eget diam luctus vulputate. Ut vitae velit augue. Donec feugiat vestibulum rhoncus. Nulla nec lacus velit. In sollicitudin massa dignissim lorem aliquam fermentum. Fusce eget fringilla ex. Nam tristique, leo id feugiat vulputate, ante mauris auctor eros, id pellentesque orci felis sit amet lacus. Fusce cursus, nibh consequat pharetra semper, tellus ipsum dictum mauris, eu tincidunt nisi massa ac mi.",
    "rating": 5,
    "vote_count": 0,
    "product": 19,
    "date_created": "2019-08-31T10:34:19.042Z"
  }
},
{
  "model": "shop.review",
  "pk": 26,
  "fields": {
    "title": "Jelly Degrades Fast",
    "comment": "Aliquam gravida elementum felis vel consequat. Vivamus iaculis, nulla vitae aliquet finibus, orci nulla mollis ante, sed varius eros ligula ac justo. Vestibulum sed nisi ut odio tempor posuere. Aliquam pellentesque condimentum metus, vitae tristique augue.",
    "rating": 2,
    "vote_count": 1,
    "product": 19,
    "date_created": "2019-08-31T10:34:33.276Z"
  }
},
{
  "model": "shop.review",
  "pk": 27,
  "fields": {
    "title": "Kawaii!",
    "comment": "Mauris id eros et lectus porttitor viverra sit amet non elit. Aliquam congue, dui sed placerat tristique, felis eros ultrices turpis, nec convallis purus mauris sed dolor. Fusce sit amet posuere eros. Pellentesque habitant morbi tristique senectus et netus et malesuada fames ac turpis egestas. Ut at lorem ac lorem imperdiet consectetur at eu leo.",
    "rating": 5,
    "vote_count": 0,
    "product": 20,
    "date_created": "2019-08-31T10:34:54.085Z"
  }
},
{
  "model": "shop.review",
  "pk": 28,
  "fields": {
    "title": "Would Definitely Buy Again",
    "comment": "Pellentesque suscipit, ligula id porta sollicitudin, lectus felis placerat ligula, sit amet sagittis ligula elit id turpis. Vivamus justo sem, condimentum et quam non, tempus gravida erat. Nullam vel varius odio. Suspendisse at rhoncus ligula. Sed sit amet augue nulla. In diam mi, interdum ac dui et, tristique dictum urna. Mauris maximus quis quam in lobortis. Nunc nec velit non turpis facilisis euismod quis eget tellus. Donec at efficitur erat.",
    "rating": 5,
    "vote_count": 0,
    "product": 20,
    "date_created": "2019-08-31T10:35:05.467Z"
  }
},
{
  "model": "shop.review",
  "pk": 29,
  "fields": {
    "title": "Bad Packaging",
    "comment": "Proin interdum lacus id interdum tempor. Vivamus volutpat justo et ante scelerisque, vitae maximus urna fringilla. Maecenas lobortis neque ut sapien pulvinar, quis volutpat ex dapibus. Duis at quam non ex feugiat tempor. Aenean at dignissim leo. Aliquam vitae est at ipsum pellentesque ultrices eget sit amet eros.",
    "rating": 3,
    "vote_count": 0,
    "product": 5,
    "date_created": "2019-08-31T10:35:34.954Z"
  }
},
{
  "model": "shop.review",
  "pk": 30,
  "fields": {
    "title": "What's Up With Your Packaging?!",
    "comment": "Mauris luctus vulputate felis, sed elementum tortor aliquam in. Praesent vel ultricies tellus, ac posuere odio. Morbi eu aliquet sapien. Proin hendrerit vestibulum ligula sit amet ullamcorper. Quisque porta auctor odio, feugiat volutpat ante cursus vitae. In vel fermentum dui. Sed ultrices arcu eu aliquam tempus.",
    "rating": 2,
    "vote_count": 0,
    "product": 5,
    "date_created": "2019-08-31T10:35:46.038Z"
  }
},
{
  "model": "shop.review",
  "pk": 31,
  "fields": {
    "title": "Works Like A Charm",
    "comment": "Nullam sit amet sapien arcu. Etiam porta nunc at leo consectetur, ut rutrum metus scelerisque. Maecenas in eros mi. Proin eleifend bibendum venenatis. Nunc facilisis auctor dolor et gravida. Donec nec ornare nisi. Phasellus sem neque, ornare cursus leo non, feugiat tempor lorem. Phasellus eu eros nulla.",
    "rating": 5,
    "vote_count": 0,
    "product": 6,
    "date_created": "2019-08-31T10:36:52.373Z"
  }
},
{
  "model": "shop.review",
  "pk": 32,
  "fields": {
    "title": "Seems Fake, Hmm",
    "comment": "Fusce quis volutpat ligula. Praesent elementum urna urna, id fringilla tellus mollis nec. Nulla a massa a nunc molestie tristique vel ut urna. Phasellus tortor orci, eleifend a nisi at, pretium sollicitudin metus. Etiam a lacinia tortor. Vivamus non ligula leo.",
    "rating": 2,
    "vote_count": 0,
    "product": 8,
    "date_created": "2019-08-31T10:37:25.906Z"
  }
},
{
  "model": "shop.review",
  "pk": 33,
  "fields": {
    "title": "Wooooorth",
    "comment": "Nullam tempus, enim consectetur varius iaculis, lorem tortor molestie elit, at commodo risus nulla et nisl. Praesent nibh lectus, rhoncus eu pellentesque eu, vulputate sit amet magna. Nunc dolor odio, mollis non turpis eget, fermentum commodo massa. In vestibulum ante vitae urna pellentesque pulvinar.",
    "rating": 5,
    "vote_count": 1,
    "product": 9,
    "date_created": "2019-08-31T10:38:15.514Z"
  }
},
{
  "model": "shop.review",
  "pk": 34,
  "fields": {
    "title": "Only Crazies Wouldn't Buy",
    "comment": "Cras vel rutrum sem, ut cursus mi. Etiam viverra facilisis dictum. Nulla congue venenatis dui ac convallis. Sed congue eleifend metus a varius. Nulla eget feugiat ipsum. Etiam ac gravida tortor, quis vehicula velit. Pellentesque pulvinar, nunc vel ullamcorper auctor, ante libero eleifend ipsum, eu facilisis nibh purus in velit.",
    "rating": 5,
    "vote_count": 1,
    "product": 9,
    "date_created": "2019-08-31T10:38:27.300Z"
  }
},
{
  "model": "shop.review",
  "pk": 35,
  "fields": {
    "title": "Overrated Much",
    "comment": "Duis nec ipsum eget odio faucibus convallis. Fusce sit amet dui quis dui consequat commodo. Vivamus porttitor odio posuere tellus ultrices, in feugiat purus venenatis. Pellentesque ornare sem neque, a accumsan dui convallis ut. Praesent molestie elit nunc, ac facilisis odio dictum ut. Nunc id elementum leo, non sollicitudin ipsum.",
    "rating": 4,
    "vote_count": 2,
    "product": 9,
    "date_created": "2019-08-31T10:38:47.486Z"
  }
},
{
  "model": "shop.review",
  "pk": 36,
  "fields": {
    "title": "Reminds Me Of Highschool, Hah",
    "comment": "Vestibulum ante ipsum primis in faucibus orci luctus et ultrices posuere cubilia Curae; Duis tincidunt, est id feugiat semper, leo turpis mattis neque, at facilisis dui nulla dignissim justo. Ut et nisi id magna blandit porta at ut mauris.",
    "rating": 5,
    "vote_count": 0,
    "product": 10,
    "date_created": "2019-08-31T10:41:37.438Z"
  }
},
{
  "model": "shop.review",
  "pk": 37,
  "fields": {
    "title": "Cracked",
    "comment": "Duis at erat tortor. Etiam elit nibh, fermentum ac leo quis, bibendum interdum turpis. Aliquam quis fringilla leo. Nulla quis hendrerit erat. Fusce nulla odio, vestibulum vitae erat et, varius placerat libero.",
    "rating": 2,
    "vote_count": 0,
    "product": 12,
    "date_created": "2019-08-31T10:41:55.122Z"
  }
}
]
